date,label_id,sport,name,duration_s,distance_m,avg_hr,kcal,altitude_ft
2026-10-04,480803934661804040,run,Easy with friend (Clear Creek),4214,13080,150,1028,5800
2026-10-04,480803934661804038,run,Clear Creek 10k fast,2757,10810,162,815,5900
2026-10-04,480803934661804037,run,Doudy Draw easy,4124,11640,149,918,5900
2026-10-04,480803934661804036,run,Doudy Draw nav restart,247,690,140,53,5700
2026-10-03,480780204965396481,run,Easy 4 + strides,2927,7410,132,568,5400
2026-10-02,480765410413674898,run,Easy 4,2738,6770,132,538,5500
2026-10-01,480729647831613740,track,Atomic track,3398,11360,134,775,5400
2026-09-30,480721739716788525,run,Roost easy,2681,6600,131,515,5500
2026-09-29,480694412182061259,track,Atomic track 20x400,3304,12260,144,895,5400
2026-09-27,480641919366496261,run,Frisco cooldown,1592,2780,123,243,9100
2026-09-27,480640825760449013,run,Frisco long,8173,23290,152,1804,9100
2026-09-27,480638238579523786,run,Frisco start,162,161,104,13,9100
2026-09-26,480616402428920010,run,Easy 4 + strides,2747,6740,137,553,5500
2026-09-25,480592315447017673,run,Easy 4,2785,6440,128,518,5500
2026-09-24,480569628356018382,run,Track cooldown,301,772,132,59,5400
2026-09-24,480569628356018381,run,Track walk,542,942,117,80,5400
2026-09-24,480569628356018380,run,Atomic track Thu,2228,9200,146,650,5400
2026-09-23,480546748259926125,run,Roost,3041,8590,144,681,5500
2026-09-22,480532710159319342,track,Atomic track,3448,12100,148,901,5400
2026-09-20,480478576125181956,run,Breckenridge long,9442,29970,151,2281,9500
2026-09-19,480455740855713803,run,Easy,1889,5170,147,434,5400
2026-09-17,480406010765279333,track,Track cooldown,583,1970,143,129,5400
2026-09-17,480405230429700499,track,Atomic track,2521,9210,155,696,5400
2026-09-16,480394437713756173,run,Easy pm 2,495,1440,146,113,5400
2026-09-16,480393839639560597,run,Easy pm,1844,3880,133,334,5400
2026-09-16,480383798008119401,run,Easy am,997,2480,133,206,5400
2026-09-15,480373066493362279,track,Atomic track,2575,8260,150,651,5400
2026-09-13,480318650862043439,run,Cooldown,918,1180,130,118,5400
2026-09-13,480314853045600260,run,Nederland tempo long,5812,19640,160,1549,8300
2026-09-12,480294001782587496,run,Easy,2152,5730,136,441,5500
2026-09-10,480244109565526217,run,Bristol easy long,4986,13250,127,934,50
2026-09-09,480227400263696691,run,Bristol cooldown,1150,3170,143,255,50
2026-09-09,480227400263696690,run,Bristol 2 mi fast,742,3240,163,226,50
2026-09-09,480221012296761747,run,Bristol am,2461,8820,156,635,50
2026-09-08,480199692079104300,run,Providence easy,1578,3760,132,317,50
2026-09-07,480175336661745870,run,West Chester steady,2405,8370,159,645,400
2026-09-06,480162559142428877,run,West Chester long easy,5177,13510,143,1136,400
2026-09-04,480105309375856747,run,Easy,2915,7070,131,564,5500
2026-09-03,480080602308050952,track,Atomic track,1962,7710,150,590,5400
2026-09-02,480059537372512565,run,Roost 3,1022,3090,144,234,5500
2026-09-02,480059537372512564,run,Roost 2,1340,3960,154,315,5500
2026-09-02,480059537372512563,run,Roost 1,1170,3240,148,260,5500
2026-09-01,480046366578475015,run,Easy,1605,3950,138,324,5500
2026-09-01,480046366578475014,run,Easy wu,304,969,137,73,5500
2026-08-30,479990767429910628,run,Breckenridge long fast,8229,29780,155,2301,9500
2026-08-29,479967257038979373,run,Easy,2038,6450,148,468,5500
2026-08-27,479918280998420588,track,Atomic track,3101,11300,145,780,5400
2026-08-26,479896972583534692,run,Roost,3411,9890,147,760,5500
2026-08-25,479872394096312524,track,Atomic track,3318,8480,141,651,5400
2026-08-23,479831358642880718,run,Easy pm,2057,5210,147,460,5400
2026-08-23,479828556176720072,run,Nederland cooldown,1547,3270,110,211,8300
2026-08-23,479827862271066215,run,Nederland long,6989,22640,156,1745,8300
2026-08-22,479806808341381121,run,Easy 2,309,719,135,50,5400
2026-08-22,479806521652314611,run,Easy 1,40,115,116,6,5400
2026-08-22,479805700508254410,run,Trail easy,2520,5470,141,455,5700
2026-08-22,479804955870396720,trail,Trail start,392,536,116,45,5700
2026-08-19,479804282097402159,run,Easy long,4595,10800,144,912,5400
2026-08-16,479665267956285742,run,Fairplay steady,4812,16100,150,1317,9900
2026-08-15,479645619017777154,run,Park County easy,3929,10990,139,816,9900
2026-08-13,479604785964679274,track,Track cooldown,692,1200,137,105,5400
2026-08-13,479604576853459046,track,Atomic track,1688,5050,139,424,5400
2026-08-12,479582463675367428,run,Hill session,2203,5420,163,591,5500
2026-08-11,479558926713520230,track,Atomic track,1466,5990,148,483,5400
2026-08-11,479558211601465348,run,Track wu,559,1610,144,138,5400
2026-08-09,479503350648308022,run,Nederland long,7672,24140,151,1928,8300
2026-08-08,479481305115951110,run,Steady,4369,10700,155,1033,5400
2026-08-06,479445487231992313,run,Easy,2279,5200,132,429,5400
2026-08-05,479421304150196230,trail,Trail easy,4094,9900,142,678,5600
2026-08-04,479395752584446054,track,Atomic track,3395,11290,144,859,5400
2026-08-02,479350914205908992,run,Steady,3485,9710,153,640,5500
2026-08-02,479339961500336333,run,Nederland short,1216,3430,149,215,8300
2026-08-01,479321941967143214,track,Track short,350,618,127,48,5400
2026-08-01,479319917695369320,run,Easy,1794,4410,136,274,5400
2026-07-30,479281606050218184,run,Easy,2110,5190,136,328,5400
2026-07-29,479257457858740726,trail,Trail,4280,10360,157,821,5600
2026-07-28,479233761456718129,track,Atomic track,2528,8390,138,401,5400
