date,trimp,miles,ctl,atl,tsb,acwr
2026-07-28,56.5,5.2,1.3,7.5,-6.2,0.14
2026-07-29,148.6,6.4,4.8,26.3,-21.5,0.29
2026-07-30,44.9,3.2,5.7,28.8,-23.0,0.43
2026-07-31,0.0,0,5.6,24.9,-19.3,0.57
2026-08-01,44.1,3.1,6.5,27.5,-21.0,0.71
2026-08-02,145.8,8.2,9.8,43.2,-33.5,0.86
2026-08-03,0.0,0,9.6,37.5,-27.9,1.0
2026-08-04,87.5,7.0,11.4,44.1,-32.8,1.02
2026-08-05,100.7,6.2,13.5,51.7,-38.2,0.87
2026-08-06,43.9,3.2,14.2,50.6,-36.4,0.9
2026-08-07,0.0,0,13.9,43.9,-30.0,0.99
2026-08-08,145.1,6.6,17.0,57.4,-40.4,1.1
2026-08-09,232.6,15.0,22.0,80.7,-58.7,1.08
2026-08-10,0.0,0,21.5,70.0,-48.4,1.16
2026-08-11,55.9,4.7,22.3,68.1,-45.8,1.12
2026-08-12,87.3,3.4,23.9,70.6,-46.8,1.08
2026-08-13,53.7,3.9,24.6,68.4,-43.8,1.12
2026-08-14,0.0,0,24.0,59.3,-35.3,1.19
2026-08-15,89.9,6.8,25.5,63.4,-37.8,1.06
2026-08-16,142.6,10.0,28.3,73.9,-45.6,0.83
2026-08-17,0.0,0,27.6,64.1,-36.5,0.87
2026-08-18,0.0,0,27.0,55.5,-28.6,0.79
2026-08-19,118.4,6.7,29.1,63.9,-34.8,0.83
2026-08-20,0.0,0,28.4,55.4,-27.0,0.75
2026-08-21,0.0,0,27.8,48.0,-20.3,0.78
2026-08-22,72.4,4.3,28.8,51.3,-22.5,0.74
2026-08-23,310.7,19.3,35.4,85.8,-50.4,0.98
2026-08-24,0.0,0,34.6,74.4,-39.8,1.01
2026-08-25,79.7,5.3,35.7,75.1,-39.4,1.16
2026-08-26,94.3,6.1,37.1,77.6,-40.6,1.14
2026-08-27,81.8,7.0,38.1,78.2,-40.1,1.29
2026-08-28,0.0,0,37.2,67.8,-30.6,1.29
2026-08-29,57.7,4.0,37.7,66.4,-28.8,1.25
2026-08-30,273.2,18.5,43.2,94.0,-50.7,1.1
2026-08-31,0.0,0,42.2,81.5,-39.2,1.1
2026-09-01,42.5,3.1,42.2,76.3,-34.1,1.06
2026-09-02,103.0,6.4,43.7,79.8,-36.2,1.07
2026-09-03,58.1,4.8,44.0,76.9,-32.9,1.02
2026-09-04,54.8,4.4,44.2,74.0,-29.7,1.09
2026-09-05,0.0,0,43.2,64.1,-20.9,1.06
2026-09-06,130.3,8.4,45.3,73.0,-27.7,0.82
2026-09-07,87.3,5.2,46.2,74.9,-28.6,0.96
2026-09-08,30.4,2.3,45.9,68.9,-23.1,0.94
2026-09-09,141.9,9.5,48.1,78.7,-30.5,0.99
2026-09-10,84.6,8.2,49.0,79.5,-30.5,1.03
2026-09-11,0.0,0,47.8,68.9,-21.0,0.92
2026-09-12,45.8,3.6,47.8,65.8,-18.0,1.04
2026-09-13,232.5,12.9,52.1,88.0,-35.9,1.19
2026-09-14,0.0,0,50.9,76.3,-25.4,1.02
2026-09-15,76.3,5.1,51.5,76.3,-24.8,1.07
2026-09-16,69.5,4.8,51.9,75.4,-23.5,0.96
2026-09-17,98.4,6.9,53.0,78.4,-25.4,0.94
2026-09-18,0.0,0,51.8,68.0,-16.2,0.94
2026-09-19,52.2,3.2,51.8,65.9,-14.1,0.96
2026-09-20,286.3,18.6,57.3,95.2,-37.9,1.07
2026-09-21,0.0,0,56.0,82.6,-26.6,1.07
2026-09-22,97.6,7.5,56.9,84.6,-27.6,1.1
2026-09-23,78.4,5.3,57.4,83.7,-26.3,1.12
2026-09-24,73.0,6.8,57.8,82.3,-24.5,1.08
2026-09-25,48.5,4.0,57.6,77.8,-20.2,1.14
2026-09-26,59.9,4.2,57.6,75.4,-17.8,1.16
2026-09-27,279.3,16.3,62.9,102.6,-39.7,1.14
2026-09-28,0.0,0,61.4,88.9,-27.5,1.14
2026-09-29,85.2,7.6,61.9,88.4,-26.5,1.1
2026-09-30,50.4,4.1,61.7,83.4,-21.7,1.07
2026-10-01,68.8,7.1,61.8,81.4,-19.6,1.06
2026-10-02,52.8,4.2,61.6,77.6,-16.0,1.07
2026-10-03,56.4,4.6,61.5,74.8,-13.3,1.04
2026-10-04,357.0,22.5,68.5,112.4,-43.9,1.07
2026-10-05,0.0,0,66.8,97.4,-30.6,1.11
2026-10-06,74.0,6.5,67.0,94.3,-27.3,1.07
2026-10-07,0.0,0,65.4,81.7,-16.3,1.05
