date,rhr
2026-07-29,50
2026-07-30,51
2026-07-31,49
2026-08-01,48
2026-08-03,49
2026-08-04,47
2026-08-05,49
2026-08-06,51
2026-08-07,49
2026-08-08,50
2026-08-09,49
2026-08-11,50
2026-08-13,49
2026-08-14,50
2026-08-15,50
2026-08-16,49
2026-08-17,50
2026-08-18,47
2026-08-20,50
2026-08-21,47
2026-08-22,48
2026-08-23,50
2026-08-24,50
2026-08-25,49
2026-08-26,48
2026-08-27,49
2026-08-28,48
2026-08-29,47
2026-08-30,50
2026-08-31,49
2026-09-01,51
2026-09-02,50
2026-09-03,48
2026-09-05,49
2026-09-06,49
2026-09-08,48
2026-09-11,49
2026-09-12,47
2026-09-14,50
2026-09-15,50
2026-09-16,52
2026-09-17,52
2026-09-18,51
2026-09-19,49
2026-09-20,47
2026-09-21,48
2026-09-22,48
2026-09-23,50
2026-09-24,50
2026-09-25,51
2026-09-26,49
2026-09-27,52
2026-09-28,49
2026-09-29,48
2026-09-30,48
2026-10-02,46
2026-10-03,50
2026-10-04,49
2026-10-05,51
2026-10-06,48
2026-10-07,51
