date,file,dist_mi,moving_s,alt_ft,avg_hr,max_hr,pace,gap,ef,decoupling_pct,durability,pace_hr150,pace_hr160,pace_hr168
2025-05-15,2025-0514_5k.fit,3.28,1682,5542,156,169,8:33,8:30,1.211,-2.2,[100.0],8:12,8:31,
2025-05-26,2025-0526_bolderboulder.fit,6.25,2969,5355,155,179,7:55,7:52,1.322,5.8,[100.0],7:15,7:08,7:06
2025-08-08,2025-0808_tempo.fit,4.61,2229,5374,148,157,8:04,8:03,1.346,3.6,[100.0],7:54,,
2025-08-17,falmouth_471224173570588875.fit,7.06,3197,39,176,186,7:33,7:31,1.22,4.7,[100.0],,,7:11
2026-08-08,0808_steady.fit,6.6,4346,5794,155,176,10:58,10:46,0.967,-28.7,"[81.2, 100.0]",9:14,9:57,
2026-08-09,0809_nederland.fit,14.99,8105,8411,150,164,9:01,8:57,1.201,-11.3,"[100.0, 94.1, 108.1, 108.6]",8:35,7:55,
2026-08-12,0811_track.fit,3.67,2083,5325,145,162,9:27,9:27,1.178,-32.3,[100.0],7:56,6:26,
2026-08-12,0812_hill.fit,3.32,2429,5781,163,179,12:12,11:07,0.887,38.7,[100.0],8:48,9:08,9:43
2026-08-16,0816_fairplay.fit,10.01,4821,10240,150,157,8:02,8:01,1.34,-10.4,"[90.4, 100.0]",7:57,7:42,
2026-08-19,0819_easylong.fit,6.65,5003,5781,143,165,12:32,12:17,0.913,-17.5,"[87.6, 100.0]",9:33,,
2026-08-23,0823_nederland.fit,14.04,7074,8501,156,177,8:24,8:19,1.242,-5.3,"[97.1, 100.0, 107.6, 97.2]",8:46,8:29,7:15
2026-08-27,0827_track.fit,6.96,4804,5325,144,177,11:31,11:30,0.976,8.4,"[100.0, 66.8]",18:50,6:32,5:59
2026-08-30,0830_breck.fit,18.49,9340,9256,153,168,8:25,8:25,1.246,0.8,"[98.2, 100.0, 89.2, 106.8, 80.2]",8:46,7:22,
2026-09-03,0903_track.fit,4.75,3012,5319,147,178,10:34,10:34,1.038,10.7,[100.0],10:49,6:18,
2026-09-06,0906_westchester_long.fit,8.35,5152,341,143,170,10:17,10:04,1.118,-15.3,"[87.5, 100.0, 101.8]",9:15,,
2026-09-07,0907_westchester.fit,5.17,2389,458,159,175,7:42,7:40,1.318,8.2,[100.0],7:38,7:40,7:42
2026-09-09,0909_bristol2mi.fit,1.96,725,26,163,174,6:09,6:15,1.58,6.3,[],,,6:08
2026-09-10,0910_bristol_long.fit,7.96,5010,52,126,153,10:29,10:29,1.217,-13.7,"[99.3, 100.0]",,,
2026-09-13,0913_nederland.fit,12.1,5765,8491,160,172,7:57,7:52,1.278,-11.2,"[95.5, 100.0, 106.2]",7:37,7:47,8:05
2026-09-16,0915_track.fit,5.11,3212,5325,147,176,10:28,10:28,1.046,15.7,[100.0],8:15,8:32,
2026-09-17,0917_track.fit,5.67,2859,5322,153,171,8:24,8:24,1.256,-25.3,[100.0],6:56,7:15,
2026-09-20,0920_breck.fit,18.58,10101,9085,150,168,9:04,9:01,1.19,0.8,"[93.7, 100.0, 87.7, 84.9, 92.4]",8:40,8:16,
2026-09-22,0922_track.fit,7.44,4770,5420,142,177,10:41,10:41,1.06,2.5,"[100.0, 76.7]",7:46,7:11,
2026-09-24,0924_track.fit,5.7,3865,5345,138,181,11:19,11:19,1.029,-7.2,"[100.0, 96.7]",8:08,8:49,
2026-09-27,0927_frisco.fit,14.4,8728,10040,151,174,10:06,9:59,1.071,-3.4,"[100.0, 95.8, 100.8, 107.2, 84.8]",9:21,9:05,
2026-09-29,0929_track.fit,7.52,4795,5322,143,172,10:38,10:38,1.059,10.3,"[100.0, 92.7]",10:30,9:14,
2026-10-04,1004_10k.fit,6.7,2820,5834,161,173,7:01,6:59,1.431,-6.0,[100.0],,6:56,6:29
2026-10-04,1004_doudy.fit,7.23,4257,6053,148,168,9:49,9:45,1.111,-1.2,"[99.3, 100.0]",9:02,8:44,
2026-10-04,1004_easy13k.fit,8.12,4586,5798,148,166,9:25,9:24,1.158,9.1,"[100.0, 91.0]",8:56,7:51,
2026-10-06,1006_track.fit,6.44,4094,5315,140,176,10:36,10:36,1.083,32.7,"[100.0, 64.3]",8:53,6:03,
